timestamp,load_kw
2026-01-01 00:00:00,61.2
2026-01-01 01:00:00,58.7
2026-01-01 02:00:00,56.9
2026-01-01 03:00:00,55.8
2026-01-01 04:00:00,56.4
2026-01-01 05:00:00,60.3
2026-01-01 06:00:00,68.5
2026-01-01 07:00:00,76.8
2026-01-01 08:00:00,83.1
2026-01-01 09:00:00,87.4
2026-01-01 10:00:00,90.2
2026-01-01 11:00:00,92.5
2026-01-01 12:00:00,91.7
2026-01-01 13:00:00,89.6
2026-01-01 14:00:00,88.1
2026-01-01 15:00:00,89.3
2026-01-01 16:00:00,94.6
2026-01-01 17:00:00,101.2
2026-01-01 18:00:00,106.4
2026-01-01 19:00:00,104.8
2026-01-01 20:00:00,97.3
2026-01-01 21:00:00,86.9
2026-01-01 22:00:00,76.5
2026-01-01 23:00:00,67.2
2026-01-02 00:00:00,62.5
2026-01-02 01:00:00,59.1
2026-01-02 02:00:00,57.2
2026-01-02 03:00:00,56.1
2026-01-02 04:00:00,57.0
2026-01-02 05:00:00,61.4
2026-01-02 06:00:00,69.6
2026-01-02 07:00:00,78.2
2026-01-02 08:00:00,84.7
2026-01-02 09:00:00,89.1
2026-01-02 10:00:00,92.0
2026-01-02 11:00:00,94.1
2026-01-02 12:00:00,93.0
2026-01-02 13:00:00,91.0
2026-01-02 14:00:00,89.4
2026-01-02 15:00:00,90.7
2026-01-02 16:00:00,96.0
2026-01-02 17:00:00,103.5
2026-01-02 18:00:00,108.2
2026-01-02 19:00:00,106.6
2026-01-02 20:00:00,99.1
2026-01-02 21:00:00,88.3
2026-01-02 22:00:00,77.8
2026-01-02 23:00:00,68.4
2026-01-03 00:00:00,63.4
2026-01-03 01:00:00,60.2
2026-01-03 02:00:00,58.0
2026-01-03 03:00:00,57.3
2026-01-03 04:00:00,58.2
2026-01-03 05:00:00,62.8
2026-01-03 06:00:00,71.0
2026-01-03 07:00:00,79.5
2026-01-03 08:00:00,86.1
2026-01-03 09:00:00,90.5
2026-01-03 10:00:00,93.4
2026-01-03 11:00:00,95.7
2026-01-03 12:00:00,94.6
2026-01-03 13:00:00,92.4
2026-01-03 14:00:00,90.8
2026-01-03 15:00:00,92.1
2026-01-03 16:00:00,97.6
2026-01-03 17:00:00,105.1
2026-01-03 18:00:00,110.0
2026-01-03 19:00:00,108.0
2026-01-03 20:00:00,100.5
2026-01-03 21:00:00,89.7
2026-01-03 22:00:00,79.2
2026-01-03 23:00:00,69.5

